area,item,year,avg_temp,average_rain_fall_mm_per_year,pesticides_tonnes,yield_value
India,Maize,2000,28.74,551.17,217.24,187.04
India,Maize,2001,17.04,802.13,190.03,253.27
India,Maize,2002,19.04,1847.99,139.07,569.13
India,Maize,2003,19.38,1185.34,271.59,475.72
India,Maize,2004,18.06,706.29,495.45,211.91
India,Maize,2005,28.37,1482.96,446.61,407.32
India,Maize,2006,23.18,1507.76,386.51,468.41
India,Maize,2007,18.65,1662.49,60.84,566.18
India,Maize,2008,28.02,1590.8,170.05,539.96
India,Maize,2009,22.89,1851.31,332.38,617.69
India,Maize,2010,12.1,1823.65,408.67,616.83
India,Maize,2011,24.49,2039.12,284.2,763.11
India,Maize,2012,26.64,1476.86,145.94,567.53
India,Maize,2013,22.47,1884.15,153.87,661.72
India,Maize,2014,15.53,645.16,276.11,197.37
India,Maize,2015,14.07,744.81,361.81,310.88
India,Maize,2016,10.12,1154.47,256.7,400.79
India,Maize,2017,15.36,1715.17,265.67,538.44
India,Maize,2018,15.93,1174.73,98.31,453.52
India,Maize,2019,18.7,1856.41,118.84,589.13
India,Maize,2020,10.35,1063.31,415.06,266.99
India,Rice,2000,23.86,1552.43,437.96,416.54
India,Rice,2001,15.47,1941.47,262.11,600.32
India,Rice,2002,14.85,804.42,483.11,273.39
India,Rice,2003,30.81,1070.08,165.95,364.33
India,Rice,2004,20.81,1740.97,423.24,570.15
India,Rice,2005,13.28,561.49,438.51,107.81
India,Rice,2006,26.52,2186.66,145.94,665.99
India,Rice,2007,16.08,1022.3,217.0,424.95
India,Rice,2008,25.13,1568.81,284.52,542.86
India,Rice,2009,27.12,525.33,204.82,211.14
India,Rice,2010,18.95,1168.14,395.12,276.48
India,Rice,2011,29.3,1908.33,111.17,731.7
India,Rice,2012,27.29,1403.61,168.13,560.66
India,Rice,2013,23.76,883.21,116.37,426.85
India,Rice,2014,21.57,1236.25,230.42,470.52
India,Rice,2015,16.96,1832.52,451.41,499.54
India,Rice,2016,31.46,720.77,390.88,364.7
India,Rice,2017,12.83,907.63,455.53,284.9
India,Rice,2018,22.76,615.1,130.0,313.63
India,Rice,2019,11.19,1304.06,316.14,469.25
India,Rice,2020,10.82,1199.65,108.95,318.02
India,Wheat,2000,11.19,1521.91,429.62,493.37
India,Wheat,2001,24.39,570.61,254.95,336.83
India,Wheat,2002,13.59,2119.77,174.67,582.36
India,Wheat,2003,20.67,1403.7,161.52,592.04
India,Wheat,2004,28.95,914.9,83.46,313.91
India,Wheat,2005,21.95,568.24,91.55,255.25
India,Wheat,2006,21.47,709.17,323.16,301.13
India,Wheat,2007,10.88,1234.31,81.52,473.98
India,Wheat,2008,18.62,687.18,359.32,160.67
India,Wheat,2009,25.79,1723.1,265.09,601.55
India,Wheat,2010,13.34,841.46,113.44,388.45
India,Wheat,2011,25.6,746.43,144.32,265.75
India,Wheat,2012,18.8,1698.34,102.48,587.13
India,Wheat,2013,17.6,1704.94,421.17,491.55
India,Wheat,2014,28.98,2187.22,454.33,761.76
India,Wheat,2015,29.87,1962.94,293.18,713.45
India,Wheat,2016,14.79,751.03,225.58,190.08
India,Wheat,2017,29.42,824.23,352.38,249.13
India,Wheat,2018,10.35,1802.36,71.47,634.64
India,Wheat,2019,27.28,932.21,298.86,340.09
India,Wheat,2020,17.31,1422.49,171.84,571.2
India,Soybeans,2000,25.68,884.09,285.44,415.97
India,Soybeans,2001,14.75,1189.67,266.87,367.63
India,Soybeans,2002,29.45,1693.22,222.4,619.16
India,Soybeans,2003,17.07,994.25,141.49,379.36
India,Soybeans,2004,31.33,1924.19,422.92,736.68
India,Soybeans,2005,22.99,1939.48,172.71,756.96
India,Soybeans,2006,24.26,1481.08,416.45,463.74
India,Soybeans,2007,18.95,1735.04,251.68,482.76
India,Soybeans,2008,13.76,1470.64,313.76,394.78
India,Soybeans,2009,11.54,1861.18,169.75,676.0
India,Soybeans,2010,11.59,674.95,54.8,179.4
India,Soybeans,2011,10.23,1929.75,297.27,493.52
India,Soybeans,2012,30.05,703.83,351.82,321.92
India,Soybeans,2013,22.79,1694.98,467.93,540.04
India,Soybeans,2014,24.13,1340.84,51.74,483.18
India,Soybeans,2015,25.26,1540.55,425.19,496.97
India,Soybeans,2016,18.48,2193.27,271.91,689.56
India,Soybeans,2017,14.67,1841.38,307.21,518.38
India,Soybeans,2018,25.57,1146.07,411.34,480.84
India,Soybeans,2019,21.91,1634.64,135.24,671.55
India,Soybeans,2020,19.73,1267.82,476.55,433.3
China,Maize,2000,30.85,645.73,200.19,224.29
China,Maize,2001,28.11,1068.98,281.87,330.83
China,Maize,2002,22.0,2155.08,175.77,778.53
China,Maize,2003,20.31,2114.47,66.97,765.87
China,Maize,2004,30.23,1265.93,371.94,364.71
China,Maize,2005,15.26,1772.52,179.46,501.99
China,Maize,2006,19.23,1459.47,260.51,411.35
China,Maize,2007,29.76,1019.59,354.35,339.85
China,Maize,2008,30.36,2171.54,101.29,817.51
China,Maize,2009,13.88,629.98,476.52,172.32
China,Maize,2010,20.36,2004.67,161.64,650.45
China,Maize,2011,27.29,1354.0,251.84,475.07
China,Maize,2012,13.84,1015.05,396.23,270.28
China,Maize,2013,21.17,2009.92,91.52,726.79
China,Maize,2014,22.69,1510.19,231.58,602.92
China,Maize,2015,26.74,1593.26,216.77,607.33
China,Maize,2016,26.76,937.77,262.32,331.21
China,Maize,2017,11.85,1334.39,483.29,454.57
China,Maize,2018,10.22,1795.72,377.23,432.02
China,Maize,2019,10.42,1566.58,186.92,550.32
China,Maize,2020,15.27,1499.91,477.3,528.39
China,Rice,2000,22.09,1824.18,427.2,500.1
China,Rice,2001,22.17,918.93,492.25,374.55
China,Rice,2002,19.4,680.43,188.48,237.16
China,Rice,2003,13.01,794.4,243.96,221.47
China,Rice,2004,21.27,1827.26,296.83,510.52
China,Rice,2005,25.71,1717.92,495.21,606.4
China,Rice,2006,30.5,622.98,265.39,253.53
China,Rice,2007,16.77,1564.63,256.3,440.51
China,Rice,2008,25.9,1062.93,156.28,511.35
China,Rice,2009,31.08,563.14,129.43,212.93
China,Rice,2010,28.89,2066.67,234.77,728.03
China,Rice,2011,26.92,968.78,110.04,393.16
China,Rice,2012,28.97,589.89,429.53,140.09
China,Rice,2013,31.13,849.38,457.65,297.41
China,Rice,2014,21.08,1766.89,272.27,584.58
China,Rice,2015,19.64,2123.89,312.63,732.89
China,Rice,2016,29.22,1570.11,217.5,652.57
China,Rice,2017,26.34,1030.91,293.19,359.04
China,Rice,2018,26.37,1757.99,142.66,626.81
China,Rice,2019,29.44,740.57,171.66,426.19
China,Rice,2020,18.21,856.53,458.37,189.54
China,Wheat,2000,29.22,899.78,245.7,350.45
China,Wheat,2001,14.68,1003.08,298.8,304.79
China,Wheat,2002,11.29,1471.89,274.83,359.97
China,Wheat,2003,28.6,1727.27,321.49,574.54
China,Wheat,2004,22.19,2137.03,359.56,735.37
China,Wheat,2005,19.48,1494.94,488.59,473.58
China,Wheat,2006,20.68,1463.47,105.54,557.63
China,Wheat,2007,10.28,804.91,117.73,367.75
China,Wheat,2008,18.97,1252.26,191.58,379.01
China,Wheat,2009,19.07,570.04,160.0,206.48
China,Wheat,2010,31.8,1873.56,265.81,601.89
China,Wheat,2011,31.94,1026.96,364.32,334.41
China,Wheat,2012,12.44,2092.86,301.2,723.65
China,Wheat,2013,28.83,530.24,103.7,282.06
China,Wheat,2014,22.83,2134.27,276.98,706.72
China,Wheat,2015,27.75,1930.7,78.42,777.92
China,Wheat,2016,21.61,555.86,187.8,213.98
China,Wheat,2017,12.76,789.4,343.97,267.42
China,Wheat,2018,30.23,1469.93,237.09,552.33
China,Wheat,2019,27.75,1481.07,465.63,437.03
China,Wheat,2020,20.06,2169.45,180.07,812.83
China,Soybeans,2000,31.71,1799.02,83.4,711.09
China,Soybeans,2001,30.26,2160.88,351.75,792.55
China,Soybeans,2002,19.17,775.78,125.05,364.95
China,Soybeans,2003,18.29,788.98,414.47,307.56
China,Soybeans,2004,20.61,695.22,488.06,262.91
China,Soybeans,2005,26.84,589.56,310.3,236.71
China,Soybeans,2006,17.5,1433.62,371.29,522.27
China,Soybeans,2007,27.68,731.59,381.57,361.48
China,Soybeans,2008,19.03,733.68,86.84,298.22
China,Soybeans,2009,24.92,1953.93,448.89,525.77
China,Soybeans,2010,27.77,1273.42,320.36,527.1
China,Soybeans,2011,21.06,1330.07,87.8,402.72
China,Soybeans,2012,30.93,2111.49,154.95,666.65
China,Soybeans,2013,18.38,1626.33,137.72,505.98
China,Soybeans,2014,15.51,1438.81,185.28,497.94
China,Soybeans,2015,18.63,1944.32,173.82,576.61
China,Soybeans,2016,30.62,633.06,145.2,375.33
China,Soybeans,2017,27.64,834.19,229.59,306.12
China,Soybeans,2018,15.07,1673.38,256.04,624.07
China,Soybeans,2019,23.45,817.31,399.27,348.73
China,Soybeans,2020,14.18,1118.58,429.71,236.42
USA,Maize,2000,26.87,1676.3,381.71,479.76
USA,Maize,2001,23.48,1978.06,290.9,569.29
USA,Maize,2002,24.25,708.77,349.06,225.68
USA,Maize,2003,31.06,2021.51,272.16,755.15
USA,Maize,2004,29.28,1089.46,97.57,424.99
USA,Maize,2005,22.34,599.0,116.93,174.06
USA,Maize,2006,23.72,1404.5,208.4,512.44
USA,Maize,2007,24.76,1050.22,160.83,311.04
USA,Maize,2008,15.02,898.87,437.38,188.11
USA,Maize,2009,16.7,1072.9,131.66,325.08
USA,Maize,2010,21.72,2128.14,136.09,769.82
USA,Maize,2011,16.0,2149.41,69.71,617.59
USA,Maize,2012,28.9,1797.91,87.38,629.76
USA,Maize,2013,29.02,1409.82,271.95,567.57
USA,Maize,2014,19.3,1367.78,95.99,497.19
USA,Maize,2015,20.79,1489.97,220.77,471.88
USA,Maize,2016,17.88,1237.44,489.2,357.78
USA,Maize,2017,28.76,1545.1,177.34,639.34
USA,Maize,2018,18.38,858.95,189.9,229.23
USA,Maize,2019,15.65,1992.42,203.23,604.51
USA,Maize,2020,24.13,930.3,395.83,310.86
USA,Rice,2000,11.74,1529.19,90.85,412.76
USA,Rice,2001,15.45,904.46,173.94,213.96
USA,Rice,2002,30.21,1020.57,451.47,455.8
USA,Rice,2003,23.56,1926.84,102.93,724.98
USA,Rice,2004,29.05,1381.4,430.15,518.15
USA,Rice,2005,30.58,503.47,477.95,201.44
USA,Rice,2006,14.9,1016.8,357.86,242.19
USA,Rice,2007,14.07,632.48,291.1,265.87
USA,Rice,2008,23.97,1486.88,386.45,499.99
USA,Rice,2009,17.63,617.09,421.1,148.02
USA,Rice,2010,31.24,844.52,251.99,260.38
USA,Rice,2011,26.11,1213.1,257.18,495.16
USA,Rice,2012,30.9,1534.27,404.12,439.26
USA,Rice,2013,19.41,2022.73,274.56,573.0
USA,Rice,2014,29.83,2028.42,206.76,674.15
USA,Rice,2015,29.68,1439.65,380.47,490.28
USA,Rice,2016,28.92,1654.96,217.73,497.92
USA,Rice,2017,30.68,1273.46,339.99,399.72
USA,Rice,2018,23.75,1323.71,388.79,404.8
USA,Rice,2019,12.81,2104.41,244.68,728.63
USA,Rice,2020,26.8,1330.75,107.32,494.36
USA,Wheat,2000,17.62,1787.86,276.58,536.46
USA,Wheat,2001,13.26,601.06,60.51,289.61
USA,Wheat,2002,18.26,549.27,424.47,247.44
USA,Wheat,2003,18.99,1186.74,302.89,344.5
USA,Wheat,2004,25.42,1399.1,459.61,515.12
USA,Wheat,2005,20.19,1384.78,291.96,488.99
USA,Wheat,2006,27.72,1904.53,366.67,549.78
USA,Wheat,2007,23.88,2076.94,450.54,714.41
USA,Wheat,2008,10.75,941.1,206.52,260.3
USA,Wheat,2009,14.54,2006.25,429.18,580.84
USA,Wheat,2010,30.42,607.88,468.77,193.35
USA,Wheat,2011,22.96,806.69,91.55,251.19
USA,Wheat,2012,26.85,695.56,110.49,225.42
USA,Wheat,2013,18.45,1139.86,184.98,320.66
USA,Wheat,2014,26.96,1531.11,230.63,545.88
USA,Wheat,2015,25.57,1953.35,90.27,688.62
USA,Wheat,2016,24.57,2128.98,132.09,716.91
USA,Wheat,2017,14.88,2045.83,244.24,627.31
USA,Wheat,2018,25.19,1864.94,186.05,728.63
USA,Wheat,2019,17.55,2138.12,233.13,697.12
USA,Wheat,2020,23.95,945.71,231.41,397.7
USA,Soybeans,2000,23.52,1000.66,136.99,293.61
USA,Soybeans,2001,26.89,1512.6,138.36,632.91
USA,Soybeans,2002,22.57,1515.71,224.13,621.87
USA,Soybeans,2003,17.81,1483.12,78.85,475.0
USA,Soybeans,2004,28.83,1672.38,395.09,590.75
USA,Soybeans,2005,30.36,1735.1,244.79,678.41
USA,Soybeans,2006,24.28,1179.35,230.64,478.57
USA,Soybeans,2007,29.99,1888.77,57.87,742.12
USA,Soybeans,2008,15.7,1312.24,158.58,472.97
USA,Soybeans,2009,30.01,1449.37,64.51,646.01
USA,Soybeans,2010,19.38,727.79,110.55,247.24
USA,Soybeans,2011,13.36,776.22,253.6,182.86
USA,Soybeans,2012,26.71,651.43,61.57,252.7
USA,Soybeans,2013,14.79,1163.77,58.96,405.29
USA,Soybeans,2014,21.69,1806.15,410.12,652.05
USA,Soybeans,2015,31.67,1477.14,56.86,603.19
USA,Soybeans,2016,23.26,1563.13,174.51,637.62
USA,Soybeans,2017,14.05,2150.1,282.87,614.78
USA,Soybeans,2018,17.25,1464.54,59.18,544.38
USA,Soybeans,2019,20.5,1356.65,276.22,534.91
USA,Soybeans,2020,20.22,827.31,275.41,204.86
Brazil,Maize,2000,25.63,805.57,178.04,292.81
Brazil,Maize,2001,10.44,504.9,284.18,61.39
Brazil,Maize,2002,27.8,1217.65,263.05,361.69
Brazil,Maize,2003,21.27,1779.65,368.36,586.59
Brazil,Maize,2004,30.21,813.13,93.22,446.96
Brazil,Maize,2005,22.27,2188.88,467.38,709.94
Brazil,Maize,2006,15.73,963.01,108.91,311.81
Brazil,Maize,2007,13.91,1228.24,219.8,394.49
Brazil,Maize,2008,18.06,1038.21,228.73,316.76
Brazil,Maize,2009,18.48,2108.5,239.77,720.16
Brazil,Maize,2010,11.42,1534.05,198.98,423.69
Brazil,Maize,2011,24.68,1591.22,157.79,482.26
Brazil,Maize,2012,27.0,1744.85,433.06,536.33
Brazil,Maize,2013,22.4,634.45,257.89,274.36
Brazil,Maize,2014,19.76,1953.98,443.09,575.52
Brazil,Maize,2015,12.19,1098.54,107.6,403.26
Brazil,Maize,2016,13.09,1205.29,132.06,424.76
Brazil,Maize,2017,10.42,990.02,494.07,290.88
Brazil,Maize,2018,18.51,1476.17,149.97,453.12
Brazil,Maize,2019,29.18,1890.5,53.53,728.47
Brazil,Maize,2020,23.57,1536.59,100.6,631.92
Brazil,Rice,2000,23.19,1193.68,234.44,406.84
Brazil,Rice,2001,15.05,676.76,84.6,327.77
Brazil,Rice,2002,27.94,984.61,490.42,399.37
Brazil,Rice,2003,26.11,1192.42,156.34,387.55
Brazil,Rice,2004,19.72,1401.77,221.63,427.92
Brazil,Rice,2005,20.84,1260.66,458.79,329.93
Brazil,Rice,2006,19.74,610.36,425.72,228.29
Brazil,Rice,2007,10.99,2147.11,234.08,648.86
Brazil,Rice,2008,16.69,821.0,163.4,370.46
Brazil,Rice,2009,17.77,2074.08,431.49,593.78
Brazil,Rice,2010,24.73,1651.86,478.13,508.62
Brazil,Rice,2011,12.78,739.36,431.6,121.56
Brazil,Rice,2012,27.81,1114.38,438.96,348.44
Brazil,Rice,2013,19.32,1514.19,392.63,540.91
Brazil,Rice,2014,12.09,2000.04,89.41,552.27
Brazil,Rice,2015,14.99,2131.58,149.05,596.6
Brazil,Rice,2016,21.26,1116.05,406.48,295.85
Brazil,Rice,2017,18.67,1397.27,348.8,446.64
Brazil,Rice,2018,27.74,1177.83,348.49,458.09
Brazil,Rice,2019,31.46,2033.25,493.01,579.69
Brazil,Rice,2020,24.47,1062.75,280.13,359.33
Brazil,Wheat,2000,31.39,685.08,330.61,201.44
Brazil,Wheat,2001,25.16,1418.34,278.86,571.77
Brazil,Wheat,2002,23.14,842.46,133.92,395.91
Brazil,Wheat,2003,31.71,2197.55,329.41,710.44
Brazil,Wheat,2004,12.64,1764.25,296.62,460.96
Brazil,Wheat,2005,20.28,1107.45,268.97,283.79
Brazil,Wheat,2006,17.31,1011.75,485.11,369.53
Brazil,Wheat,2007,20.18,708.85,158.56,230.04
Brazil,Wheat,2008,25.97,1411.33,435.71,458.37
Brazil,Wheat,2009,13.62,1824.09,435.1,504.5
Brazil,Wheat,2010,16.99,1642.66,140.6,610.0
Brazil,Wheat,2011,13.26,1493.97,202.14,466.87
Brazil,Wheat,2012,26.64,1769.56,226.46,635.63
Brazil,Wheat,2013,30.54,1373.52,226.31,507.04
Brazil,Wheat,2014,18.67,1738.84,497.31,486.23
Brazil,Wheat,2015,22.28,1189.78,163.03,484.8
Brazil,Wheat,2016,13.96,1325.91,315.38,407.73
Brazil,Wheat,2017,18.77,1651.04,410.86,525.65
Brazil,Wheat,2018,21.24,993.75,143.72,372.52
Brazil,Wheat,2019,22.34,1450.41,283.47,530.18
Brazil,Wheat,2020,19.34,1109.75,154.11,366.73
Brazil,Soybeans,2000,22.47,2123.24,425.52,636.87
Brazil,Soybeans,2001,18.69,1656.93,138.42,595.82
Brazil,Soybeans,2002,12.03,716.15,69.29,171.1
Brazil,Soybeans,2003,16.89,1881.26,286.28,573.8
Brazil,Soybeans,2004,19.56,1948.83,483.77,486.37
Brazil,Soybeans,2005,11.12,1302.69,131.54,352.15
Brazil,Soybeans,2006,16.18,2129.45,390.08,700.91
Brazil,Soybeans,2007,28.26,2138.66,337.46,760.29
Brazil,Soybeans,2008,23.14,666.49,328.55,156.44
Brazil,Soybeans,2009,12.04,1184.51,488.06,325.18
Brazil,Soybeans,2010,11.47,1633.46,390.77,484.65
Brazil,Soybeans,2011,18.74,2028.79,267.14,624.08
Brazil,Soybeans,2012,22.0,778.32,107.75,228.49
Brazil,Soybeans,2013,24.31,1639.51,254.53,633.34
Brazil,Soybeans,2014,18.51,1706.33,80.41,632.96
Brazil,Soybeans,2015,27.91,817.44,466.92,353.09
Brazil,Soybeans,2016,11.24,863.43,259.72,168.7
Brazil,Soybeans,2017,10.2,1671.02,132.06,617.52
Brazil,Soybeans,2018,22.89,1597.87,396.13,613.76
Brazil,Soybeans,2019,23.4,1455.76,131.64,566.83
Brazil,Soybeans,2020,12.68,1999.1,53.57,631.0
Australia,Maize,2000,22.73,843.44,480.28,204.41
Australia,Maize,2001,29.84,1491.07,419.94,456.31
Australia,Maize,2002,27.7,1036.61,101.18,419.7
Australia,Maize,2003,13.23,869.57,186.65,332.79
Australia,Maize,2004,24.57,787.3,113.62,386.13
Australia,Maize,2005,12.33,2010.83,135.9,540.62
Australia,Maize,2006,27.79,888.68,342.13,258.35
Australia,Maize,2007,12.31,2194.75,308.64,735.72
Australia,Maize,2008,13.12,1185.13,190.4,333.84
Australia,Maize,2009,20.96,1964.76,430.03,522.62
Australia,Maize,2010,27.48,2176.05,98.89,772.72
Australia,Maize,2011,22.03,836.66,428.66,366.34
Australia,Maize,2012,19.14,2185.15,490.58,559.76
Australia,Maize,2013,14.0,764.53,182.51,271.0
Australia,Maize,2014,17.66,1295.97,312.96,372.46
Australia,Maize,2015,20.35,577.96,227.51,267.28
Australia,Maize,2016,19.96,1611.92,491.7,539.37
Australia,Maize,2017,24.55,1544.35,315.58,604.37
Australia,Maize,2018,30.58,2155.72,253.61,754.46
Australia,Maize,2019,17.63,918.31,304.78,275.6
Australia,Maize,2020,28.99,1873.01,187.1,624.0
Australia,Rice,2000,30.2,1279.6,440.61,368.03
Australia,Rice,2001,31.74,883.49,476.58,299.93
Australia,Rice,2002,31.87,1097.88,219.81,508.33
Australia,Rice,2003,17.69,800.69,496.15,316.71
Australia,Rice,2004,13.19,1513.47,359.75,485.05
Australia,Rice,2005,11.49,2170.49,235.72,569.64
Australia,Rice,2006,21.3,1196.92,155.07,367.21
Australia,Rice,2007,27.82,917.53,410.43,361.4
Australia,Rice,2008,16.94,1927.46,117.22,616.54
Australia,Rice,2009,10.13,1350.85,393.07,344.85
Australia,Rice,2010,16.14,639.95,172.87,254.56
Australia,Rice,2011,12.93,1237.17,334.02,419.69
Australia,Rice,2012,20.41,1208.15,410.07,340.89
Australia,Rice,2013,26.63,726.64,395.05,353.19
Australia,Rice,2014,16.2,1575.94,431.59,525.14
Australia,Rice,2015,10.95,1806.97,271.04,618.6
Australia,Rice,2016,14.71,1829.01,232.98,639.46
Australia,Rice,2017,21.78,2191.63,158.77,684.93
Australia,Rice,2018,25.38,1908.91,52.29,647.66
Australia,Rice,2019,15.22,1531.86,429.45,366.59
Australia,Rice,2020,18.02,1640.08,429.7,562.1
Australia,Wheat,2000,16.61,857.87,81.57,238.74
Australia,Wheat,2001,31.78,1930.23,494.02,561.41
Australia,Wheat,2002,17.93,1505.83,223.56,520.16
Australia,Wheat,2003,14.17,1715.55,388.02,482.35
Australia,Wheat,2004,27.29,1639.63,474.96,482.56
Australia,Wheat,2005,13.06,1815.89,240.4,501.71
Australia,Wheat,2006,30.57,906.79,183.0,304.12
Australia,Wheat,2007,31.24,1084.85,273.49,338.21
Australia,Wheat,2008,19.11,1954.61,421.02,530.79
Australia,Wheat,2009,20.93,978.74,476.32,263.14
Australia,Wheat,2010,30.18,1450.76,259.48,620.87
Australia,Wheat,2011,15.42,500.06,227.0,232.59
Australia,Wheat,2012,31.53,977.59,476.06,400.0
Australia,Wheat,2013,27.8,1536.72,301.43,633.92
Australia,Wheat,2014,17.97,2092.25,287.06,730.91
Australia,Wheat,2015,23.76,996.63,327.15,342.82
Australia,Wheat,2016,18.42,882.11,331.94,342.0
Australia,Wheat,2017,24.41,1525.53,241.2,468.08
Australia,Wheat,2018,14.16,1524.11,443.47,388.36
Australia,Wheat,2019,10.77,1883.12,291.98,587.44
Australia,Wheat,2020,30.92,1131.42,98.93,435.27
Australia,Soybeans,2000,14.89,774.99,191.3,170.46
Australia,Soybeans,2001,10.99,1423.6,77.96,557.85
Australia,Soybeans,2002,25.69,770.24,476.59,261.84
Australia,Soybeans,2003,30.58,628.93,274.94,383.74
Australia,Soybeans,2004,23.92,541.8,78.93,257.99
Australia,Soybeans,2005,28.5,1822.52,129.89,759.1
Australia,Soybeans,2006,17.5,1291.79,401.54,423.3
Australia,Soybeans,2007,13.39,786.58,127.27,326.74
Australia,Soybeans,2008,15.78,1916.85,375.36,530.42
Australia,Soybeans,2009,12.45,1774.43,108.38,579.55
Australia,Soybeans,2010,28.89,513.16,289.86,324.22
Australia,Soybeans,2011,13.8,741.75,294.46,175.56
Australia,Soybeans,2012,24.96,948.5,159.0,290.42
Australia,Soybeans,2013,13.15,1866.63,209.73,579.53
Australia,Soybeans,2014,22.34,1042.47,78.16,462.91
Australia,Soybeans,2015,24.77,883.06,61.51,329.61
Australia,Soybeans,2016,11.59,2136.73,174.76,705.78
Australia,Soybeans,2017,23.27,2174.2,196.99,757.19
Australia,Soybeans,2018,19.99,1883.28,146.6,602.57
Australia,Soybeans,2019,13.71,987.33,305.51,398.65
Australia,Soybeans,2020,29.73,827.31,454.78,295.84
France,Maize,2000,13.1,1532.09,493.96,407.0
France,Maize,2001,30.44,1697.26,331.51,610.8
France,Maize,2002,10.12,573.11,183.33,122.24
France,Maize,2003,26.17,1785.41,335.01,680.75
France,Maize,2004,20.27,2134.13,470.31,734.63
France,Maize,2005,20.94,653.98,360.84,292.02
France,Maize,2006,21.32,777.46,425.75,255.88
France,Maize,2007,24.89,1751.39,376.57,604.96
France,Maize,2008,30.27,1480.71,334.43,588.68
France,Maize,2009,17.68,1594.73,53.54,628.06
France,Maize,2010,25.87,1110.9,303.59,416.94
France,Maize,2011,31.64,725.25,320.43,268.19
France,Maize,2012,18.82,1741.33,130.84,516.89
France,Maize,2013,15.31,1927.29,115.98,584.55
France,Maize,2014,19.41,560.33,408.74,244.57
France,Maize,2015,27.6,979.93,381.04,314.96
France,Maize,2016,25.83,1840.14,273.05,593.49
France,Maize,2017,17.76,1113.71,77.71,469.02
France,Maize,2018,14.56,805.07,142.92,270.15
France,Maize,2019,21.8,725.42,258.69,373.66
France,Maize,2020,26.33,755.07,424.4,362.43
France,Rice,2000,12.63,833.39,218.66,265.4
France,Rice,2001,31.85,747.88,336.86,383.93
France,Rice,2002,29.65,1118.61,495.55,300.54
France,Rice,2003,28.09,1059.27,343.62,353.65
France,Rice,2004,22.68,1252.22,64.46,402.84
France,Rice,2005,29.84,1952.45,399.05,751.35
France,Rice,2006,15.89,1980.1,442.81,543.83
France,Rice,2007,31.65,1000.28,240.19,311.46
France,Rice,2008,28.38,1294.04,269.93,410.13
France,Rice,2009,22.6,776.42,92.54,258.32
France,Rice,2010,11.14,1928.07,376.01,484.48
France,Rice,2011,27.92,1561.45,457.18,574.65
France,Rice,2012,29.43,1164.43,182.0,419.73
France,Rice,2013,22.5,1293.43,164.06,414.36
France,Rice,2014,24.53,547.19,117.46,203.34
France,Rice,2015,31.74,621.99,491.74,258.04
France,Rice,2016,21.99,1307.36,210.62,468.77
France,Rice,2017,15.62,1535.6,92.22,615.85
France,Rice,2018,24.53,1874.46,336.96,608.35
France,Rice,2019,23.86,1927.78,371.54,652.59
France,Rice,2020,23.17,1360.37,186.79,439.13
France,Wheat,2000,18.6,1757.2,265.18,488.8
France,Wheat,2001,23.12,625.9,433.65,273.21
France,Wheat,2002,16.0,1955.15,377.49,515.29
France,Wheat,2003,11.61,819.22,101.32,382.76
France,Wheat,2004,21.72,1424.35,165.73,474.93
France,Wheat,2005,31.85,1098.41,240.29,445.94
France,Wheat,2006,18.65,1628.56,322.89,515.97
France,Wheat,2007,11.21,535.88,397.84,160.68
France,Wheat,2008,17.27,719.08,221.67,340.82
France,Wheat,2009,10.16,939.2,223.66,259.47
France,Wheat,2010,28.62,2196.53,389.7,629.56
France,Wheat,2011,15.94,776.5,471.99,311.26
France,Wheat,2012,24.1,649.91,212.58,351.14
France,Wheat,2013,29.11,1908.14,192.65,607.88
France,Wheat,2014,22.57,1278.23,388.28,394.62
France,Wheat,2015,23.97,869.1,464.41,343.14
France,Wheat,2016,20.03,1626.79,137.91,490.86
France,Wheat,2017,23.5,1361.83,410.68,421.38
France,Wheat,2018,29.52,952.01,431.55,395.13
France,Wheat,2019,15.39,1525.83,428.26,408.59
France,Wheat,2020,29.66,2087.78,226.15,813.61
France,Soybeans,2000,30.05,1712.42,329.45,672.82
France,Soybeans,2001,20.51,1457.38,456.35,475.42
France,Soybeans,2002,21.24,1469.7,126.41,620.33
France,Soybeans,2003,28.39,1554.29,475.62,582.57
France,Soybeans,2004,20.24,1372.07,328.61,369.05
France,Soybeans,2005,31.82,1453.85,242.12,644.0
France,Soybeans,2006,20.8,1161.04,167.01,435.87
France,Soybeans,2007,21.71,1845.57,107.37,572.07
France,Soybeans,2008,27.03,682.51,349.16,339.97
France,Soybeans,2009,27.7,1004.78,338.6,444.64
France,Soybeans,2010,18.49,1385.32,98.16,542.44
France,Soybeans,2011,21.86,1424.93,252.59,435.45
France,Soybeans,2012,18.93,872.01,328.13,223.03
France,Soybeans,2013,21.23,597.74,112.51,227.8
France,Soybeans,2014,11.1,1202.73,238.78,314.67
France,Soybeans,2015,17.36,1725.43,262.89,626.22
France,Soybeans,2016,17.02,669.58,210.51,238.63
France,Soybeans,2017,15.93,599.57,244.15,222.75
France,Soybeans,2018,26.75,2177.35,79.13,675.9
France,Soybeans,2019,31.16,524.99,456.57,253.59
France,Soybeans,2020,21.38,1599.0,380.59,606.15
Germany,Maize,2000,22.72,767.3,308.09,198.82
Germany,Maize,2001,14.89,552.43,234.0,116.05
Germany,Maize,2002,13.68,1843.73,85.29,513.9
Germany,Maize,2003,11.57,1730.4,424.8,512.1
Germany,Maize,2004,25.67,1820.42,466.69,505.47
Germany,Maize,2005,11.59,1683.24,176.92,536.68
Germany,Maize,2006,12.82,1228.23,347.66,421.08
Germany,Maize,2007,20.13,1147.83,76.55,516.79
Germany,Maize,2008,16.2,917.98,464.22,256.91
Germany,Maize,2009,13.3,1638.38,488.53,484.46
Germany,Maize,2010,15.04,2007.5,67.42,571.22
Germany,Maize,2011,28.26,574.49,106.45,257.23
Germany,Maize,2012,25.99,820.63,349.29,281.52
Germany,Maize,2013,24.29,1134.56,50.54,411.65
Germany,Maize,2014,10.96,1229.16,438.54,276.88
Germany,Maize,2015,20.75,724.42,325.61,350.0
Germany,Maize,2016,11.27,1484.4,275.7,542.7
Germany,Maize,2017,28.38,1608.45,256.15,548.1
Germany,Maize,2018,27.02,1573.41,211.18,468.73
Germany,Maize,2019,27.99,2021.43,73.16,805.94
Germany,Maize,2020,20.97,2119.88,486.09,565.97
Germany,Rice,2000,28.39,1317.36,497.89,457.33
Germany,Rice,2001,12.06,632.12,317.52,217.16
Germany,Rice,2002,15.8,784.71,56.6,318.16
Germany,Rice,2003,18.64,1216.72,94.88,443.2
Germany,Rice,2004,23.58,1000.77,205.36,436.34
Germany,Rice,2005,18.91,1145.35,381.7,367.84
Germany,Rice,2006,26.67,1436.31,470.43,394.82
Germany,Rice,2007,18.98,1995.14,465.04,673.82
Germany,Rice,2008,15.6,1366.42,332.56,454.21
Germany,Rice,2009,18.71,1642.29,312.98,429.22
Germany,Rice,2010,26.72,1509.19,360.85,579.39
Germany,Rice,2011,22.65,1533.3,348.31,420.47
Germany,Rice,2012,10.14,1847.56,272.76,648.03
Germany,Rice,2013,29.89,1731.22,407.58,519.49
Germany,Rice,2014,30.42,2016.85,213.2,777.88
Germany,Rice,2015,28.3,1355.23,470.22,468.92
Germany,Rice,2016,15.17,2030.66,87.91,637.09
Germany,Rice,2017,19.07,565.53,169.5,168.16
Germany,Rice,2018,24.09,1575.63,240.97,474.38
Germany,Rice,2019,20.68,968.98,166.57,447.97
Germany,Rice,2020,13.72,2183.37,104.29,663.79
Germany,Wheat,2000,22.23,803.78,283.17,364.12
Germany,Wheat,2001,18.99,1891.5,285.24,656.61
Germany,Wheat,2002,21.6,1905.41,346.78,660.92
Germany,Wheat,2003,16.01,2028.33,98.66,587.02
Germany,Wheat,2004,13.77,680.67,94.72,215.11
Germany,Wheat,2005,15.94,774.2,186.52,370.35
Germany,Wheat,2006,24.6,2193.11,353.69,796.5
Germany,Wheat,2007,31.71,781.32,260.12,328.83
Germany,Wheat,2008,23.64,1686.13,212.47,646.95
Germany,Wheat,2009,10.51,1124.85,76.06,324.28
Germany,Wheat,2010,25.48,963.99,360.99,329.36
Germany,Wheat,2011,31.23,1016.43,157.51,365.1
Germany,Wheat,2012,24.27,1611.56,347.06,607.63
Germany,Wheat,2013,16.44,1845.31,300.78,592.03
Germany,Wheat,2014,20.05,1368.68,237.87,456.26
Germany,Wheat,2015,24.3,1014.06,125.45,485.76
Germany,Wheat,2016,23.91,1732.4,438.44,552.4
Germany,Wheat,2017,24.33,873.51,205.55,294.63
Germany,Wheat,2018,25.45,2197.32,353.41,639.73
Germany,Wheat,2019,20.41,679.42,478.12,298.3
Germany,Wheat,2020,18.37,1039.73,310.35,394.93
Germany,Soybeans,2000,15.67,743.66,281.05,337.9
Germany,Soybeans,2001,29.66,1223.56,492.99,514.34
Germany,Soybeans,2002,12.47,621.02,248.28,105.37
Germany,Soybeans,2003,30.65,1031.0,339.72,406.64
Germany,Soybeans,2004,16.83,931.3,280.77,207.58
Germany,Soybeans,2005,26.63,1955.37,222.66,747.75
Germany,Soybeans,2006,13.9,1945.15,463.46,504.9
Germany,Soybeans,2007,19.06,1722.46,54.37,559.43
Germany,Soybeans,2008,26.89,1923.93,162.15,683.99
Germany,Soybeans,2009,28.35,1095.61,161.08,407.46
Germany,Soybeans,2010,28.34,596.64,96.08,263.7
Germany,Soybeans,2011,29.86,1037.37,385.12,314.47
Germany,Soybeans,2012,13.61,1162.87,351.08,304.43
Germany,Soybeans,2013,16.65,601.87,110.6,332.94
Germany,Soybeans,2014,18.48,1071.67,181.91,394.38
Germany,Soybeans,2015,11.31,1849.21,96.66,651.63
Germany,Soybeans,2016,26.98,1001.46,443.67,338.56
Germany,Soybeans,2017,25.14,2085.64,473.08,689.26
Germany,Soybeans,2018,22.95,1410.03,106.6,581.67
Germany,Soybeans,2019,11.15,1967.88,269.54,668.74
Germany,Soybeans,2020,26.57,589.3,368.56,223.11
Canada,Maize,2000,28.1,997.78,444.38,280.7
Canada,Maize,2001,31.46,516.52,491.28,229.77
Canada,Maize,2002,14.47,1961.85,447.34,636.2
Canada,Maize,2003,31.01,2010.07,217.19,626.24
Canada,Maize,2004,21.66,533.53,194.11,195.48
Canada,Maize,2005,10.51,1186.04,287.96,281.81
Canada,Maize,2006,30.98,660.32,146.8,384.68
Canada,Maize,2007,12.05,1102.43,137.39,462.54
Canada,Maize,2008,11.3,596.9,279.9,159.13
Canada,Maize,2009,19.43,815.43,82.69,349.89
Canada,Maize,2010,30.95,1099.8,405.47,445.78
Canada,Maize,2011,27.73,1388.45,318.55,567.82
Canada,Maize,2012,23.97,1107.53,182.18,352.24
Canada,Maize,2013,26.32,2018.91,178.81,691.87
Canada,Maize,2014,24.58,682.18,119.45,317.16
Canada,Maize,2015,25.65,1445.91,115.74,615.96
Canada,Maize,2016,15.86,1646.86,261.69,538.59
Canada,Maize,2017,26.22,1410.76,365.84,409.63
Canada,Maize,2018,20.51,1499.32,383.87,567.47
Canada,Maize,2019,13.63,1946.41,380.96,618.22
Canada,Maize,2020,23.85,1918.81,360.93,530.3
Canada,Rice,2000,16.18,1318.77,129.27,472.93
Canada,Rice,2001,10.44,815.12,248.6,320.47
Canada,Rice,2002,10.52,1826.84,358.26,465.63
Canada,Rice,2003,28.32,1526.35,407.17,556.54
Canada,Rice,2004,28.98,1702.23,165.75,686.17
Canada,Rice,2005,14.5,2071.73,184.47,594.26
Canada,Rice,2006,12.01,638.31,129.55,229.14
Canada,Rice,2007,14.26,1156.68,238.26,283.31
Canada,Rice,2008,15.45,903.81,403.46,275.72
Canada,Rice,2009,29.5,882.62,489.8,410.06
Canada,Rice,2010,23.23,1959.97,111.76,765.87
Canada,Rice,2011,31.77,1150.46,295.73,495.08
Canada,Rice,2012,22.44,1774.85,74.97,564.76
Canada,Rice,2013,17.11,1571.66,204.92,609.66
Canada,Rice,2014,13.43,1817.65,321.1,580.14
Canada,Rice,2015,12.39,1210.74,452.17,321.15
Canada,Rice,2016,14.42,2181.06,402.98,662.35
Canada,Rice,2017,26.04,2182.95,257.94,743.33
Canada,Rice,2018,31.61,1709.62,354.77,547.0
Canada,Rice,2019,18.07,1137.79,234.69,405.77
Canada,Rice,2020,29.89,1352.06,492.16,493.17
Canada,Wheat,2000,29.72,739.4,225.21,256.21
Canada,Wheat,2001,24.65,1067.75,141.6,359.16
Canada,Wheat,2002,20.91,1329.52,67.22,472.11
Canada,Wheat,2003,19.49,859.17,207.34,258.86
Canada,Wheat,2004,22.59,956.17,346.53,245.53
Canada,Wheat,2005,14.48,1503.47,448.28,438.83
Canada,Wheat,2006,27.54,2145.72,340.94,623.01
Canada,Wheat,2007,10.33,1701.57,328.14,576.54
Canada,Wheat,2008,28.32,2131.11,131.25,818.37
Canada,Wheat,2009,15.84,1302.95,98.55,522.33
Canada,Wheat,2010,25.84,1255.14,482.3,459.88
Canada,Wheat,2011,29.11,905.95,96.64,314.45
Canada,Wheat,2012,19.59,1341.64,322.79,419.84
Canada,Wheat,2013,31.72,1249.5,361.77,512.6
Canada,Wheat,2014,17.19,1748.34,87.99,626.4
Canada,Wheat,2015,10.7,853.27,247.45,212.19
Canada,Wheat,2016,19.71,1453.57,98.54,570.18
Canada,Wheat,2017,12.4,1644.22,168.47,562.37
Canada,Wheat,2018,16.18,1492.65,327.69,483.81
Canada,Wheat,2019,15.77,783.33,497.51,212.97
Canada,Wheat,2020,23.5,1762.52,434.0,548.87
Canada,Soybeans,2000,12.14,1544.55,237.33,483.52
Canada,Soybeans,2001,15.57,2056.97,88.83,613.9
Canada,Soybeans,2002,25.42,1728.07,112.13,675.21
Canada,Soybeans,2003,30.31,2034.35,132.44,722.47
Canada,Soybeans,2004,16.8,1030.96,319.79,337.72
Canada,Soybeans,2005,26.82,1664.3,320.77,652.35
Canada,Soybeans,2006,27.33,1144.16,371.22,462.11
Canada,Soybeans,2007,10.96,1010.41,86.2,272.48
Canada,Soybeans,2008,11.39,1996.46,60.52,721.66
Canada,Soybeans,2009,29.05,1912.21,251.16,626.35
Canada,Soybeans,2010,11.92,767.75,206.32,196.86
Canada,Soybeans,2011,27.65,1357.05,299.87,507.87
Canada,Soybeans,2012,13.75,1808.68,55.81,528.89
Canada,Soybeans,2013,19.97,1298.39,413.23,327.83
Canada,Soybeans,2014,26.49,648.73,494.63,213.37
Canada,Soybeans,2015,23.08,1229.2,430.56,416.96
Canada,Soybeans,2016,20.43,1172.17,303.87,439.43
Canada,Soybeans,2017,20.99,619.36,218.75,165.15
Canada,Soybeans,2018,17.71,1910.03,113.87,559.39
Canada,Soybeans,2019,21.16,1106.35,187.13,490.27
Canada,Soybeans,2020,28.47,536.01,198.91,298.37
Mexico,Maize,2000,21.38,744.4,348.81,201.84
Mexico,Maize,2001,19.02,1487.34,419.14,431.62
Mexico,Maize,2002,12.83,1038.79,195.76,350.47
Mexico,Maize,2003,26.19,616.45,407.03,284.49
Mexico,Maize,2004,29.53,1708.09,483.66,601.56
Mexico,Maize,2005,28.2,2008.31,377.14,687.02
Mexico,Maize,2006,23.55,937.83,132.64,287.37
Mexico,Maize,2007,17.13,848.45,281.0,304.63
Mexico,Maize,2008,20.17,727.23,148.24,230.04
Mexico,Maize,2009,11.25,684.33,199.28,314.3
Mexico,Maize,2010,13.86,1229.01,380.3,326.89
Mexico,Maize,2011,26.3,797.6,378.47,246.61
Mexico,Maize,2012,30.22,1879.05,489.12,519.08
Mexico,Maize,2013,20.17,856.33,170.32,333.94
Mexico,Maize,2014,13.0,1683.16,291.76,487.42
Mexico,Maize,2015,13.08,1708.58,111.64,475.32
Mexico,Maize,2016,19.01,672.31,444.5,245.06
Mexico,Maize,2017,13.03,1887.21,174.86,610.93
Mexico,Maize,2018,28.87,1702.7,288.55,663.59
Mexico,Maize,2019,26.7,1709.88,294.67,522.86
Mexico,Maize,2020,25.38,1923.14,77.92,726.91
Mexico,Rice,2000,11.1,783.12,215.63,328.78
Mexico,Rice,2001,29.28,679.24,403.05,226.01
Mexico,Rice,2002,25.17,963.34,174.2,383.95
Mexico,Rice,2003,20.02,945.38,472.39,388.41
Mexico,Rice,2004,25.95,1815.17,338.77,673.15
Mexico,Rice,2005,19.17,615.8,165.73,203.51
Mexico,Rice,2006,18.03,1504.59,463.8,470.54
Mexico,Rice,2007,23.89,916.94,376.8,274.8
Mexico,Rice,2008,31.9,1247.56,298.87,547.84
Mexico,Rice,2009,29.49,1381.4,454.33,410.38
Mexico,Rice,2010,18.34,872.44,184.14,238.2
Mexico,Rice,2011,12.95,1078.41,491.71,251.62
Mexico,Rice,2012,27.31,1485.5,352.78,539.07
Mexico,Rice,2013,13.97,2074.54,231.54,590.6
Mexico,Rice,2014,16.09,675.66,413.36,103.07
Mexico,Rice,2015,10.53,1711.02,109.89,640.5
Mexico,Rice,2016,10.96,2128.19,312.58,552.06
Mexico,Rice,2017,29.81,2017.25,254.74,707.42
Mexico,Rice,2018,30.38,1573.77,125.44,574.81
Mexico,Rice,2019,25.23,1988.76,338.67,654.58
Mexico,Rice,2020,18.98,746.77,78.42,289.16
Mexico,Wheat,2000,28.81,1840.47,405.52,557.76
Mexico,Wheat,2001,20.26,1703.31,479.18,466.72
Mexico,Wheat,2002,17.49,942.58,147.45,291.17
Mexico,Wheat,2003,20.28,1211.4,143.43,461.98
Mexico,Wheat,2004,29.06,1793.96,480.7,554.28
Mexico,Wheat,2005,26.21,1571.54,483.27,448.4
Mexico,Wheat,2006,28.99,1874.88,80.69,597.36
Mexico,Wheat,2007,21.19,1049.0,332.62,352.82
Mexico,Wheat,2008,21.48,1544.18,289.84,524.59
Mexico,Wheat,2009,13.32,1210.49,174.74,351.33
Mexico,Wheat,2010,21.98,1577.08,431.86,405.29
Mexico,Wheat,2011,31.82,2186.14,147.68,803.28
Mexico,Wheat,2012,25.2,1594.37,450.72,557.5
Mexico,Wheat,2013,18.53,1258.59,224.67,514.44
Mexico,Wheat,2014,11.13,2121.32,73.61,682.37
Mexico,Wheat,2015,28.1,1203.91,347.66,422.75
Mexico,Wheat,2016,28.32,1148.8,312.96,336.03
Mexico,Wheat,2017,30.48,2053.22,219.74,716.28
Mexico,Wheat,2018,15.91,2174.31,361.23,602.22
Mexico,Wheat,2019,21.25,904.36,210.56,271.53
Mexico,Wheat,2020,19.22,1337.75,111.75,469.11
Mexico,Soybeans,2000,30.06,1559.68,155.55,670.42
Mexico,Soybeans,2001,16.63,1435.6,278.54,365.24
Mexico,Soybeans,2002,24.1,1293.08,446.61,350.28
Mexico,Soybeans,2003,21.69,759.29,145.64,396.17
Mexico,Soybeans,2004,14.88,1103.0,194.94,445.29
Mexico,Soybeans,2005,12.84,1873.32,268.96,475.29
Mexico,Soybeans,2006,28.12,1798.53,244.14,688.23
Mexico,Soybeans,2007,17.94,618.13,344.66,253.91
Mexico,Soybeans,2008,14.08,773.7,355.07,311.99
Mexico,Soybeans,2009,18.42,1896.49,121.32,583.2
Mexico,Soybeans,2010,22.35,964.82,114.1,471.29
Mexico,Soybeans,2011,10.81,1996.51,367.77,497.12
Mexico,Soybeans,2012,17.85,917.66,444.95,264.4
Mexico,Soybeans,2013,28.66,930.85,367.3,251.42
Mexico,Soybeans,2014,16.45,1681.14,198.41,511.76
Mexico,Soybeans,2015,28.78,1114.29,116.04,527.71
Mexico,Soybeans,2016,29.75,1159.83,451.68,440.67
Mexico,Soybeans,2017,31.71,1163.36,74.93,511.49
Mexico,Soybeans,2018,10.93,624.03,309.16,228.61
Mexico,Soybeans,2019,21.42,2192.43,88.36,771.09
Mexico,Soybeans,2020,12.62,1155.63,146.23,410.34
South Africa,Maize,2000,10.74,1202.63,420.18,316.65
South Africa,Maize,2001,26.09,547.21,223.87,308.62
South Africa,Maize,2002,14.97,1771.24,272.19,501.71
South Africa,Maize,2003,10.08,520.72,312.69,179.77
South Africa,Maize,2004,14.79,1477.13,256.66,481.6
South Africa,Maize,2005,26.61,1464.92,189.85,597.14
South Africa,Maize,2006,24.39,565.82,399.47,252.86
South Africa,Maize,2007,20.28,804.92,298.6,203.33
South Africa,Maize,2008,12.75,1161.45,169.29,385.81
South Africa,Maize,2009,22.35,2085.19,61.98,724.05
South Africa,Maize,2010,17.67,1420.59,473.15,457.36
South Africa,Maize,2011,29.74,1410.23,160.56,489.89
South Africa,Maize,2012,12.92,682.69,461.9,109.41
South Africa,Maize,2013,16.87,2181.96,265.16,718.64
South Africa,Maize,2014,25.42,893.28,296.35,240.07
South Africa,Maize,2015,16.5,835.43,99.02,357.88
South Africa,Maize,2016,16.47,1181.32,349.51,311.23
South Africa,Maize,2017,12.37,593.98,457.04,110.36
South Africa,Maize,2018,14.91,2096.06,107.6,728.97
South Africa,Maize,2019,29.07,2153.6,83.4,715.41
South Africa,Maize,2020,24.7,565.01,359.71,212.11
South Africa,Rice,2000,18.84,994.87,376.16,352.57
South Africa,Rice,2001,24.12,1935.69,312.54,674.48
South Africa,Rice,2002,29.24,1861.99,203.77,735.51
South Africa,Rice,2003,24.24,2188.98,239.43,800.91
South Africa,Rice,2004,24.37,1056.24,185.67,311.33
South Africa,Rice,2005,30.65,780.24,288.84,331.16
South Africa,Rice,2006,20.6,2057.06,488.28,535.51
South Africa,Rice,2007,11.72,571.17,55.4,199.61
South Africa,Rice,2008,12.66,1507.76,450.8,388.02
South Africa,Rice,2009,22.5,762.14,85.48,362.96
South Africa,Rice,2010,28.0,1658.61,330.01,495.84
South Africa,Rice,2011,14.85,1474.25,184.9,450.15
South Africa,Rice,2012,21.08,1222.8,271.09,474.2
South Africa,Rice,2013,25.53,947.39,408.01,366.81
South Africa,Rice,2014,30.73,1573.8,190.86,654.67
South Africa,Rice,2015,30.99,1824.94,271.56,646.96
South Africa,Rice,2016,19.72,1111.59,450.31,389.49
South Africa,Rice,2017,31.67,870.09,243.74,397.48
South Africa,Rice,2018,16.28,2190.01,109.69,744.31
South Africa,Rice,2019,12.09,707.12,290.16,191.79
South Africa,Rice,2020,23.23,546.78,474.44,141.25
South Africa,Wheat,2000,11.22,1606.02,423.71,548.2
South Africa,Wheat,2001,18.14,748.78,115.83,291.29
South Africa,Wheat,2002,29.18,1956.09,368.14,637.09
South Africa,Wheat,2003,30.97,1022.98,259.35,324.99
South Africa,Wheat,2004,11.42,538.87,205.97,273.91
South Africa,Wheat,2005,16.48,1293.77,456.98,443.5
South Africa,Wheat,2006,21.7,1822.36,244.77,685.35
South Africa,Wheat,2007,17.9,2150.52,129.05,702.09
South Africa,Wheat,2008,29.3,2169.18,333.85,663.73
South Africa,Wheat,2009,27.53,760.22,255.76,366.14
South Africa,Wheat,2010,16.96,1579.37,232.92,589.33
South Africa,Wheat,2011,30.94,1470.74,96.8,547.59
South Africa,Wheat,2012,14.97,2132.58,81.31,718.86
South Africa,Wheat,2013,30.66,1720.9,495.18,520.89
South Africa,Wheat,2014,16.15,500.68,374.15,140.56
South Africa,Wheat,2015,10.73,953.42,346.34,348.84
South Africa,Wheat,2016,20.67,1734.02,235.28,588.06
South Africa,Wheat,2017,31.89,1726.15,237.4,703.69
South Africa,Wheat,2018,12.31,846.27,384.17,284.6
South Africa,Wheat,2019,17.4,2147.79,74.43,631.68
South Africa,Wheat,2020,17.26,528.72,288.16,127.39
South Africa,Soybeans,2000,13.34,756.5,334.29,188.32
South Africa,Soybeans,2001,22.81,1656.65,74.96,583.29
South Africa,Soybeans,2002,14.21,1469.73,240.35,373.56
South Africa,Soybeans,2003,15.89,626.77,476.62,89.75
South Africa,Soybeans,2004,16.59,2138.57,322.72,653.07
South Africa,Soybeans,2005,30.05,1292.26,67.78,452.58
South Africa,Soybeans,2006,12.98,1213.97,416.36,298.89
South Africa,Soybeans,2007,24.22,1094.68,89.0,334.0
South Africa,Soybeans,2008,25.92,1392.81,63.47,457.27
South Africa,Soybeans,2009,13.62,1916.21,319.1,562.19
South Africa,Soybeans,2010,20.53,1047.55,326.41,316.1
South Africa,Soybeans,2011,20.33,1104.92,322.68,466.87
South Africa,Soybeans,2012,15.21,2174.13,385.34,661.44
South Africa,Soybeans,2013,24.29,1133.05,347.61,462.83
South Africa,Soybeans,2014,30.88,908.82,268.61,416.73
South Africa,Soybeans,2015,13.82,983.75,495.82,253.62
South Africa,Soybeans,2016,21.1,1101.96,440.95,277.87
South Africa,Soybeans,2017,10.67,628.82,428.97,174.12
South Africa,Soybeans,2018,23.43,1538.68,208.64,550.85
South Africa,Soybeans,2019,15.19,772.94,277.65,251.94
South Africa,Soybeans,2020,27.97,1164.26,148.07,460.44
